Asin,Index,Name,Price,Pricefraction
B0BPSQKZB8,3,/sspa/click?ie=UTF8&spc=MTo0NDM5MzUyNjc0MTgxNDI2OjE3MjIxOTk0ODQ6c3BfYXRmOjIwMDE2NTgxMjM3MDI5ODo6MDo6&url=%2FELYPHINE-Removable-Motivational-Material-Leakproof%2Fdp%2FB0BPSQKZB8%2Fref%3Dsr_1_1_sspa%3Fdib%3DeyJ2IjoiMSJ9.vpGZZ_JLt-Agob8mPhUiXHcy0ap-_40UD95nyd0SLHb8DPhAN9lkGde9aJMRzs-yS_XObBikMnbhE4B-p01tbqgd75Q8J0BE66b3f0huapTqh74QQzNUySo402lw0ZXO8_NRCgl0OAMgwXg2pWDL5GDgkO1escSg7h0u0MCW1dMq2vkm4RcoP5gmwID-L4qM-byaewpQhGzQ-L_L1UEwWxJyLTAEsxFJpwf0z8V43cHdfSncHuagJLCR4CGmlIBg3UhhgJFPHeXX9Jb86Nckp0lNIdzcRoR2UVl6VGhKHJQ.Kj1g2FH15LpyWj3K97TXeOfxJS6JTGdjHRwUS0UsRsw%26dib_tag%3Dse%26keywords%3Dfree%2Bshipping%26qid%3D1722199483%26sr%3D8-1-spons%26sp_csd%3Dd2lkZ2V0TmFtZT1zcF9hdGY%26psc%3D1,9,99
B0CN6GHGD6,4,/Charger-Charging%E3%80%90MFi-Certified%E3%80%91-Lightning-Compatible/dp/B0CN6GHGD6/ref=sr_1_2?dib=eyJ2IjoiMSJ9.vpGZZ_JLt-Agob8mPhUiXHcy0ap-_40UD95nyd0SLHb8DPhAN9lkGde9aJMRzs-yS_XObBikMnbhE4B-p01tbqgd75Q8J0BE66b3f0huapTqh74QQzNUySo402lw0ZXO8_NRCgl0OAMgwXg2pWDL5GDgkO1escSg7h0u0MCW1dMq2vkm4RcoP5gmwID-L4qM-byaewpQhGzQ-L_L1UEwWxJyLTAEsxFJpwf0z8V43cHdfSncHuagJLCR4CGmlIBg3UhhgJFPHeXX9Jb86Nckp0lNIdzcRoR2UVl6VGhKHJQ.Kj1g2FH15LpyWj3K97TXeOfxJS6JTGdjHRwUS0UsRsw&dib_tag=se&keywords=free+shipping&qid=1722199483&sr=8-2,15,99
B09YH4DZTT,5,/Derlaier-Precision-Stainless-Derlaier-111-Tweezers-1/dp/B09YH4DZTT/ref=sr_1_3?dib=eyJ2IjoiMSJ9.vpGZZ_JLt-Agob8mPhUiXHcy0ap-_40UD95nyd0SLHb8DPhAN9lkGde9aJMRzs-yS_XObBikMnbhE4B-p01tbqgd75Q8J0BE66b3f0huapTqh74QQzNUySo402lw0ZXO8_NRCgl0OAMgwXg2pWDL5GDgkO1escSg7h0u0MCW1dMq2vkm4RcoP5gmwID-L4qM-byaewpQhGzQ-L_L1UEwWxJyLTAEsxFJpwf0z8V43cHdfSncHuagJLCR4CGmlIBg3UhhgJFPHeXX9Jb86Nckp0lNIdzcRoR2UVl6VGhKHJQ.Kj1g2FH15LpyWj3K97TXeOfxJS6JTGdjHRwUS0UsRsw&dib_tag=se&keywords=free+shipping&qid=1722199483&sr=8-3,3,99
B01DXRPKTW,6,/McLovin-Drivers-License-Superbad-Reproduction/dp/B01DXRPKTW/ref=sr_1_4?dib=eyJ2IjoiMSJ9.vpGZZ_JLt-Agob8mPhUiXHcy0ap-_40UD95nyd0SLHb8DPhAN9lkGde9aJMRzs-yS_XObBikMnbhE4B-p01tbqgd75Q8J0BE66b3f0huapTqh74QQzNUySo402lw0ZXO8_NRCgl0OAMgwXg2pWDL5GDgkO1escSg7h0u0MCW1dMq2vkm4RcoP5gmwID-L4qM-byaewpQhGzQ-L_L1UEwWxJyLTAEsxFJpwf0z8V43cHdfSncHuagJLCR4CGmlIBg3UhhgJFPHeXX9Jb86Nckp0lNIdzcRoR2UVl6VGhKHJQ.Kj1g2FH15LpyWj3K97TXeOfxJS6JTGdjHRwUS0UsRsw&dib_tag=se&keywords=free+shipping&qid=1722199483&sr=8-4,6,29
B00YFQ1JH8,10,/wet-wild-Finish-Stick-Garnet/dp/B00YFQ1JH8/ref=sr_1_5?dib=eyJ2IjoiMSJ9.vpGZZ_JLt-Agob8mPhUiXHcy0ap-_40UD95nyd0SLHb8DPhAN9lkGde9aJMRzs-yS_XObBikMnbhE4B-p01tbqgd75Q8J0BE66b3f0huapTqh74QQzNUySo402lw0ZXO8_NRCgl0OAMgwXg2pWDL5GDgkO1escSg7h0u0MCW1dMq2vkm4RcoP5gmwID-L4qM-byaewpQhGzQ-L_L1UEwWxJyLTAEsxFJpwf0z8V43cHdfSncHuagJLCR4CGmlIBg3UhhgJFPHeXX9Jb86Nckp0lNIdzcRoR2UVl6VGhKHJQ.Kj1g2FH15LpyWj3K97TXeOfxJS6JTGdjHRwUS0UsRsw&dib_tag=se&keywords=free+shipping&qid=1722199483&sr=8-5,0,98
B00L1GHHV2,11,/Dude-Products-Wipes-Flushable-Dispenser/dp/B00L1GHHV2/ref=sr_1_6?dib=eyJ2IjoiMSJ9.vpGZZ_JLt-Agob8mPhUiXHcy0ap-_40UD95nyd0SLHb8DPhAN9lkGde9aJMRzs-yS_XObBikMnbhE4B-p01tbqgd75Q8J0BE66b3f0huapTqh74QQzNUySo402lw0ZXO8_NRCgl0OAMgwXg2pWDL5GDgkO1escSg7h0u0MCW1dMq2vkm4RcoP5gmwID-L4qM-byaewpQhGzQ-L_L1UEwWxJyLTAEsxFJpwf0z8V43cHdfSncHuagJLCR4CGmlIBg3UhhgJFPHeXX9Jb86Nckp0lNIdzcRoR2UVl6VGhKHJQ.Kj1g2FH15LpyWj3K97TXeOfxJS6JTGdjHRwUS0UsRsw&dib_tag=se&keywords=free+shipping&qid=1722199483&sr=8-6,4,19
B0BTTC9FLT,12,/Sensodyne-Whitening-Sensitive-Prevention-Toothpaste/dp/B0BTTC9FLT/ref=sr_1_7?dib=eyJ2IjoiMSJ9.vpGZZ_JLt-Agob8mPhUiXHcy0ap-_40UD95nyd0SLHb8DPhAN9lkGde9aJMRzs-yS_XObBikMnbhE4B-p01tbqgd75Q8J0BE66b3f0huapTqh74QQzNUySo402lw0ZXO8_NRCgl0OAMgwXg2pWDL5GDgkO1escSg7h0u0MCW1dMq2vkm4RcoP5gmwID-L4qM-byaewpQhGzQ-L_L1UEwWxJyLTAEsxFJpwf0z8V43cHdfSncHuagJLCR4CGmlIBg3UhhgJFPHeXX9Jb86Nckp0lNIdzcRoR2UVl6VGhKHJQ.Kj1g2FH15LpyWj3K97TXeOfxJS6JTGdjHRwUS0UsRsw&dib_tag=se&keywords=free+shipping&qid=1722199483&sr=8-7,18,72
B087GMJXMC,13,/Energizer-Batteries-Combo-Pack-Count/dp/B087GMJXMC/ref=sr_1_8?dib=eyJ2IjoiMSJ9.vpGZZ_JLt-Agob8mPhUiXHcy0ap-_40UD95nyd0SLHb8DPhAN9lkGde9aJMRzs-yS_XObBikMnbhE4B-p01tbqgd75Q8J0BE66b3f0huapTqh74QQzNUySo402lw0ZXO8_NRCgl0OAMgwXg2pWDL5GDgkO1escSg7h0u0MCW1dMq2vkm4RcoP5gmwID-L4qM-byaewpQhGzQ-L_L1UEwWxJyLTAEsxFJpwf0z8V43cHdfSncHuagJLCR4CGmlIBg3UhhgJFPHeXX9Jb86Nckp0lNIdzcRoR2UVl6VGhKHJQ.Kj1g2FH15LpyWj3K97TXeOfxJS6JTGdjHRwUS0UsRsw&dib_tag=se&keywords=free+shipping&qid=1722199483&sr=8-8,28,84
B0BCF7F5J8,14,/HOT-SORRY-Relaxing-Moisturizing-Soothing/dp/B0BCF7F5J8/ref=sr_1_9?dib=eyJ2IjoiMSJ9.vpGZZ_JLt-Agob8mPhUiXHcy0ap-_40UD95nyd0SLHb8DPhAN9lkGde9aJMRzs-yS_XObBikMnbhE4B-p01tbqgd75Q8J0BE66b3f0huapTqh74QQzNUySo402lw0ZXO8_NRCgl0OAMgwXg2pWDL5GDgkO1escSg7h0u0MCW1dMq2vkm4RcoP5gmwID-L4qM-byaewpQhGzQ-L_L1UEwWxJyLTAEsxFJpwf0z8V43cHdfSncHuagJLCR4CGmlIBg3UhhgJFPHeXX9Jb86Nckp0lNIdzcRoR2UVl6VGhKHJQ.Kj1g2FH15LpyWj3K97TXeOfxJS6JTGdjHRwUS0UsRsw&dib_tag=se&keywords=free+shipping&qid=1722199483&sr=8-9,5,99
B0BZV235GQ,15,/Certified-Charger-Compatible-Chargers-Lightning/dp/B0BZV235GQ/ref=sr_1_10?dib=eyJ2IjoiMSJ9.vpGZZ_JLt-Agob8mPhUiXHcy0ap-_40UD95nyd0SLHb8DPhAN9lkGde9aJMRzs-yS_XObBikMnbhE4B-p01tbqgd75Q8J0BE66b3f0huapTqh74QQzNUySo402lw0ZXO8_NRCgl0OAMgwXg2pWDL5GDgkO1escSg7h0u0MCW1dMq2vkm4RcoP5gmwID-L4qM-byaewpQhGzQ-L_L1UEwWxJyLTAEsxFJpwf0z8V43cHdfSncHuagJLCR4CGmlIBg3UhhgJFPHeXX9Jb86Nckp0lNIdzcRoR2UVl6VGhKHJQ.Kj1g2FH15LpyWj3K97TXeOfxJS6JTGdjHRwUS0UsRsw&dib_tag=se&keywords=free+shipping&qid=1722199483&sr=8-10,5,99
B00HJZT0YQ,17,/Burts-Bees-Natural-Moisturizing-Superfruit/dp/B00HJZT0YQ/ref=sr_1_11?dib=eyJ2IjoiMSJ9.vpGZZ_JLt-Agob8mPhUiXHcy0ap-_40UD95nyd0SLHb8DPhAN9lkGde9aJMRzs-yS_XObBikMnbhE4B-p01tbqgd75Q8J0BE66b3f0huapTqh74QQzNUySo402lw0ZXO8_NRCgl0OAMgwXg2pWDL5GDgkO1escSg7h0u0MCW1dMq2vkm4RcoP5gmwID-L4qM-byaewpQhGzQ-L_L1UEwWxJyLTAEsxFJpwf0z8V43cHdfSncHuagJLCR4CGmlIBg3UhhgJFPHeXX9Jb86Nckp0lNIdzcRoR2UVl6VGhKHJQ.Kj1g2FH15LpyWj3K97TXeOfxJS6JTGdjHRwUS0UsRsw&dib_tag=se&keywords=free+shipping&qid=1722199483&sr=8-11,9,44
B00UZ8X9H8,18,/Color-Eyeliner-Pencil-Babys-Black/dp/B00UZ8X9H8/ref=sr_1_12?dib=eyJ2IjoiMSJ9.vpGZZ_JLt-Agob8mPhUiXHcy0ap-_40UD95nyd0SLHb8DPhAN9lkGde9aJMRzs-yS_XObBikMnbhE4B-p01tbqgd75Q8J0BE66b3f0huapTqh74QQzNUySo402lw0ZXO8_NRCgl0OAMgwXg2pWDL5GDgkO1escSg7h0u0MCW1dMq2vkm4RcoP5gmwID-L4qM-byaewpQhGzQ-L_L1UEwWxJyLTAEsxFJpwf0z8V43cHdfSncHuagJLCR4CGmlIBg3UhhgJFPHeXX9Jb86Nckp0lNIdzcRoR2UVl6VGhKHJQ.Kj1g2FH15LpyWj3K97TXeOfxJS6JTGdjHRwUS0UsRsw&dib_tag=se&keywords=free+shipping&qid=1722199483&sr=8-12,0,99
B07WP4165D,19,/Multipurpose-Standard-leveler-cabinets-AikTryee/dp/B07WP4165D/ref=sr_1_13?dib=eyJ2IjoiMSJ9.vpGZZ_JLt-Agob8mPhUiXHcy0ap-_40UD95nyd0SLHb8DPhAN9lkGde9aJMRzs-yS_XObBikMnbhE4B-p01tbqgd75Q8J0BE66b3f0huapTqh74QQzNUySo402lw0ZXO8_NRCgl0OAMgwXg2pWDL5GDgkO1escSg7h0u0MCW1dMq2vkm4RcoP5gmwID-L4qM-byaewpQhGzQ-L_L1UEwWxJyLTAEsxFJpwf0z8V43cHdfSncHuagJLCR4CGmlIBg3UhhgJFPHeXX9Jb86Nckp0lNIdzcRoR2UVl6VGhKHJQ.Kj1g2FH15LpyWj3K97TXeOfxJS6JTGdjHRwUS0UsRsw&dib_tag=se&keywords=free+shipping&qid=1722199483&sr=8-13,9,95
B0725WFLMB,20,/Bedsure-Satin-Pillowcase-Hair-2-Pack/dp/B0725WFLMB/ref=sr_1_14?dib=eyJ2IjoiMSJ9.vpGZZ_JLt-Agob8mPhUiXHcy0ap-_40UD95nyd0SLHb8DPhAN9lkGde9aJMRzs-yS_XObBikMnbhE4B-p01tbqgd75Q8J0BE66b3f0huapTqh74QQzNUySo402lw0ZXO8_NRCgl0OAMgwXg2pWDL5GDgkO1escSg7h0u0MCW1dMq2vkm4RcoP5gmwID-L4qM-byaewpQhGzQ-L_L1UEwWxJyLTAEsxFJpwf0z8V43cHdfSncHuagJLCR4CGmlIBg3UhhgJFPHeXX9Jb86Nckp0lNIdzcRoR2UVl6VGhKHJQ.Kj1g2FH15LpyWj3K97TXeOfxJS6JTGdjHRwUS0UsRsw&dib_tag=se&keywords=free+shipping&qid=1722199483&sr=8-14,6,98
B013OKRGWW,21,/Dental-Remover-Resistant-Cleaning-PFAS-Free/dp/B013OKRGWW/ref=sr_1_15?dib=eyJ2IjoiMSJ9.vpGZZ_JLt-Agob8mPhUiXHcy0ap-_40UD95nyd0SLHb8DPhAN9lkGde9aJMRzs-yS_XObBikMnbhE4B-p01tbqgd75Q8J0BE66b3f0huapTqh74QQzNUySo402lw0ZXO8_NRCgl0OAMgwXg2pWDL5GDgkO1escSg7h0u0MCW1dMq2vkm4RcoP5gmwID-L4qM-byaewpQhGzQ-L_L1UEwWxJyLTAEsxFJpwf0z8V43cHdfSncHuagJLCR4CGmlIBg3UhhgJFPHeXX9Jb86Nckp0lNIdzcRoR2UVl6VGhKHJQ.Kj1g2FH15LpyWj3K97TXeOfxJS6JTGdjHRwUS0UsRsw&dib_tag=se&keywords=free+shipping&qid=1722199483&sr=8-15,1,29
B07QSY7XK6,22,/Tweezers-Set-Professional-Eyebrows/dp/B07QSY7XK6/ref=sr_1_16?dib=eyJ2IjoiMSJ9.vpGZZ_JLt-Agob8mPhUiXHcy0ap-_40UD95nyd0SLHb8DPhAN9lkGde9aJMRzs-yS_XObBikMnbhE4B-p01tbqgd75Q8J0BE66b3f0huapTqh74QQzNUySo402lw0ZXO8_NRCgl0OAMgwXg2pWDL5GDgkO1escSg7h0u0MCW1dMq2vkm4RcoP5gmwID-L4qM-byaewpQhGzQ-L_L1UEwWxJyLTAEsxFJpwf0z8V43cHdfSncHuagJLCR4CGmlIBg3UhhgJFPHeXX9Jb86Nckp0lNIdzcRoR2UVl6VGhKHJQ.Kj1g2FH15LpyWj3K97TXeOfxJS6JTGdjHRwUS0UsRsw&dib_tag=se&keywords=free+shipping&qid=1722199483&sr=8-16,7,99
B0CJ8R1Y24,23,/sspa/click?ie=UTF8&spc=MTo0NDM5MzUyNjc0MTgxNDI2OjE3MjIxOTk0ODQ6c3BfbXRmOjMwMDE2Mzg1NzAwNjAwMjo6MDo6&url=%2Ftoocki-Charger-Charging-iPhone15-MacBook%2Fdp%2FB0CJ8R1Y24%2Fref%3Dsr_1_17_sspa%3Fdib%3DeyJ2IjoiMSJ9.vpGZZ_JLt-Agob8mPhUiXHcy0ap-_40UD95nyd0SLHb8DPhAN9lkGde9aJMRzs-yS_XObBikMnbhE4B-p01tbqgd75Q8J0BE66b3f0huapTqh74QQzNUySo402lw0ZXO8_NRCgl0OAMgwXg2pWDL5GDgkO1escSg7h0u0MCW1dMq2vkm4RcoP5gmwID-L4qM-byaewpQhGzQ-L_L1UEwWxJyLTAEsxFJpwf0z8V43cHdfSncHuagJLCR4CGmlIBg3UhhgJFPHeXX9Jb86Nckp0lNIdzcRoR2UVl6VGhKHJQ.Kj1g2FH15LpyWj3K97TXeOfxJS6JTGdjHRwUS0UsRsw%26dib_tag%3Dse%26keywords%3Dfree%2Bshipping%26qid%3D1722199483%26sr%3D8-17-spons%26sp_csd%3Dd2lkZ2V0TmFtZT1zcF9tdGY%26psc%3D1,11,99
B0C331XBTN,24,/sspa/click?ie=UTF8&spc=MTo0NDM5MzUyNjc0MTgxNDI2OjE3MjIxOTk0ODQ6c3BfbXRmOjMwMDMxMjEzODUzNTIwMjo6MDo6&url=%2FGydom-Smart-Watch-Men-Built%2Fdp%2FB0C331XBTN%2Fref%3Dsr_1_18_sspa%3Fdib%3DeyJ2IjoiMSJ9.vpGZZ_JLt-Agob8mPhUiXHcy0ap-_40UD95nyd0SLHb8DPhAN9lkGde9aJMRzs-yS_XObBikMnbhE4B-p01tbqgd75Q8J0BE66b3f0huapTqh74QQzNUySo402lw0ZXO8_NRCgl0OAMgwXg2pWDL5GDgkO1escSg7h0u0MCW1dMq2vkm4RcoP5gmwID-L4qM-byaewpQhGzQ-L_L1UEwWxJyLTAEsxFJpwf0z8V43cHdfSncHuagJLCR4CGmlIBg3UhhgJFPHeXX9Jb86Nckp0lNIdzcRoR2UVl6VGhKHJQ.Kj1g2FH15LpyWj3K97TXeOfxJS6JTGdjHRwUS0UsRsw%26dib_tag%3Dse%26keywords%3Dfree%2Bshipping%26qid%3D1722199483%26sr%3D8-18-spons%26sp_csd%3Dd2lkZ2V0TmFtZT1zcF9tdGY%26psc%3D1,59,99
B0D2NSQ4GC,25,/sspa/click?ie=UTF8&spc=MTo0NDM5MzUyNjc0MTgxNDI2OjE3MjIxOTk0ODQ6c3BfbXRmOjMwMDIwNTc5ODc2NTcwMjo6MDo6&url=%2FPhone-Charger-Charging-Block-Compatible%2Fdp%2FB0D2NSQ4GC%2Fref%3Dsr_1_19_sspa%3Fdib%3DeyJ2IjoiMSJ9.vpGZZ_JLt-Agob8mPhUiXHcy0ap-_40UD95nyd0SLHb8DPhAN9lkGde9aJMRzs-yS_XObBikMnbhE4B-p01tbqgd75Q8J0BE66b3f0huapTqh74QQzNUySo402lw0ZXO8_NRCgl0OAMgwXg2pWDL5GDgkO1escSg7h0u0MCW1dMq2vkm4RcoP5gmwID-L4qM-byaewpQhGzQ-L_L1UEwWxJyLTAEsxFJpwf0z8V43cHdfSncHuagJLCR4CGmlIBg3UhhgJFPHeXX9Jb86Nckp0lNIdzcRoR2UVl6VGhKHJQ.Kj1g2FH15LpyWj3K97TXeOfxJS6JTGdjHRwUS0UsRsw%26dib_tag%3Dse%26keywords%3Dfree%2Bshipping%26qid%3D1722199483%26sr%3D8-19-spons%26sp_csd%3Dd2lkZ2V0TmFtZT1zcF9tdGY%26psc%3D1,26,99
B0CHRLH52R,26,/sspa/click?ie=UTF8&spc=MTo0NDM5MzUyNjc0MTgxNDI2OjE3MjIxOTk0ODQ6c3BfbXRmOjMwMDA3NjQ5NTk2NzEwMjo6MDo6&url=%2FKTC-Monitor-125-25-Borderless-FreeSync%2Fdp%2FB0CHRLH52R%2Fref%3Dsr_1_20_sspa%3Fdib%3DeyJ2IjoiMSJ9.vpGZZ_JLt-Agob8mPhUiXHcy0ap-_40UD95nyd0SLHb8DPhAN9lkGde9aJMRzs-yS_XObBikMnbhE4B-p01tbqgd75Q8J0BE66b3f0huapTqh74QQzNUySo402lw0ZXO8_NRCgl0OAMgwXg2pWDL5GDgkO1escSg7h0u0MCW1dMq2vkm4RcoP5gmwID-L4qM-byaewpQhGzQ-L_L1UEwWxJyLTAEsxFJpwf0z8V43cHdfSncHuagJLCR4CGmlIBg3UhhgJFPHeXX9Jb86Nckp0lNIdzcRoR2UVl6VGhKHJQ.Kj1g2FH15LpyWj3K97TXeOfxJS6JTGdjHRwUS0UsRsw%26dib_tag%3Dse%26keywords%3Dfree%2Bshipping%26qid%3D1722199483%26sr%3D8-20-spons%26sp_csd%3Dd2lkZ2V0TmFtZT1zcF9tdGY%26psc%3D1,129,99
B07JCSJF5G,27,/Gildan-Shirts-Multipack-Black-X-Large/dp/B07JCSJF5G/ref=sr_1_21?dib=eyJ2IjoiMSJ9.vpGZZ_JLt-Agob8mPhUiXHcy0ap-_40UD95nyd0SLHb8DPhAN9lkGde9aJMRzs-yS_XObBikMnbhE4B-p01tbqgd75Q8J0BE66b3f0huapTqh74QQzNUySo402lw0ZXO8_NRCgl0OAMgwXg2pWDL5GDgkO1escSg7h0u0MCW1dMq2vkm4RcoP5gmwID-L4qM-byaewpQhGzQ-L_L1UEwWxJyLTAEsxFJpwf0z8V43cHdfSncHuagJLCR4CGmlIBg3UhhgJFPHeXX9Jb86Nckp0lNIdzcRoR2UVl6VGhKHJQ.Kj1g2FH15LpyWj3K97TXeOfxJS6JTGdjHRwUS0UsRsw&dib_tag=se&keywords=free+shipping&qid=1722199483&sr=8-21,17,75
B082YQ4QWW,28,/wild-Mega-High-Shine-Color-Pinky/dp/B082YQ4QWW/ref=sr_1_22?dib=eyJ2IjoiMSJ9.vpGZZ_JLt-Agob8mPhUiXHcy0ap-_40UD95nyd0SLHb8DPhAN9lkGde9aJMRzs-yS_XObBikMnbhE4B-p01tbqgd75Q8J0BE66b3f0huapTqh74QQzNUySo402lw0ZXO8_NRCgl0OAMgwXg2pWDL5GDgkO1escSg7h0u0MCW1dMq2vkm4RcoP5gmwID-L4qM-byaewpQhGzQ-L_L1UEwWxJyLTAEsxFJpwf0z8V43cHdfSncHuagJLCR4CGmlIBg3UhhgJFPHeXX9Jb86Nckp0lNIdzcRoR2UVl6VGhKHJQ.Kj1g2FH15LpyWj3K97TXeOfxJS6JTGdjHRwUS0UsRsw&dib_tag=se&keywords=free+shipping&qid=1722199483&sr=8-22,2,28
B07D2LDG75,29,/ChapStick-Classic-Strawberry-Protectant-Flavored/dp/B07D2LDG75/ref=sr_1_23?dib=eyJ2IjoiMSJ9.vpGZZ_JLt-Agob8mPhUiXHcy0ap-_40UD95nyd0SLHb8DPhAN9lkGde9aJMRzs-yS_XObBikMnbhE4B-p01tbqgd75Q8J0BE66b3f0huapTqh74QQzNUySo402lw0ZXO8_NRCgl0OAMgwXg2pWDL5GDgkO1escSg7h0u0MCW1dMq2vkm4RcoP5gmwID-L4qM-byaewpQhGzQ-L_L1UEwWxJyLTAEsxFJpwf0z8V43cHdfSncHuagJLCR4CGmlIBg3UhhgJFPHeXX9Jb86Nckp0lNIdzcRoR2UVl6VGhKHJQ.Kj1g2FH15LpyWj3K97TXeOfxJS6JTGdjHRwUS0UsRsw&dib_tag=se&keywords=free+shipping&qid=1722199483&sr=8-23,1,38
B00AN5L8FS,30,/Air-Wick-Freshener-Lavender-Chamomile/dp/B00AN5L8FS/ref=sr_1_24?dib=eyJ2IjoiMSJ9.vpGZZ_JLt-Agob8mPhUiXHcy0ap-_40UD95nyd0SLHb8DPhAN9lkGde9aJMRzs-yS_XObBikMnbhE4B-p01tbqgd75Q8J0BE66b3f0huapTqh74QQzNUySo402lw0ZXO8_NRCgl0OAMgwXg2pWDL5GDgkO1escSg7h0u0MCW1dMq2vkm4RcoP5gmwID-L4qM-byaewpQhGzQ-L_L1UEwWxJyLTAEsxFJpwf0z8V43cHdfSncHuagJLCR4CGmlIBg3UhhgJFPHeXX9Jb86Nckp0lNIdzcRoR2UVl6VGhKHJQ.Kj1g2FH15LpyWj3K97TXeOfxJS6JTGdjHRwUS0UsRsw&dib_tag=se&keywords=free+shipping&qid=1722199483&sr=8-24,2,58
B0BGKBCDN3,31,/sspa/click?ie=UTF8&spc=MTo0NDM5MzUyNjc0MTgxNDI2OjE3MjIxOTk0ODQ6c3BfbXRmOjMwMDA3NDk4NzczOTAwMjo6MDo6&url=%2FAurnoet-Lightning-Charging-Certified-Compatible%2Fdp%2FB0BGKBCDN3%2Fref%3Dsr_1_25_sspa%3Fdib%3DeyJ2IjoiMSJ9.vpGZZ_JLt-Agob8mPhUiXHcy0ap-_40UD95nyd0SLHb8DPhAN9lkGde9aJMRzs-yS_XObBikMnbhE4B-p01tbqgd75Q8J0BE66b3f0huapTqh74QQzNUySo402lw0ZXO8_NRCgl0OAMgwXg2pWDL5GDgkO1escSg7h0u0MCW1dMq2vkm4RcoP5gmwID-L4qM-byaewpQhGzQ-L_L1UEwWxJyLTAEsxFJpwf0z8V43cHdfSncHuagJLCR4CGmlIBg3UhhgJFPHeXX9Jb86Nckp0lNIdzcRoR2UVl6VGhKHJQ.Kj1g2FH15LpyWj3K97TXeOfxJS6JTGdjHRwUS0UsRsw%26dib_tag%3Dse%26keywords%3Dfree%2Bshipping%26qid%3D1722199483%26sr%3D8-25-spons%26sp_csd%3Dd2lkZ2V0TmFtZT1zcF9tdGY%26psc%3D1,14,99
B0B87T4B4F,32,/sspa/click?ie=UTF8&spc=MTo0NDM5MzUyNjc0MTgxNDI2OjE3MjIxOTk0ODQ6c3BfbXRmOjIwMDA4NjMzMDA2ODA5ODo6MDo6&url=%2FCertified-Charger-USB-Lightning-Charging-Compatible%2Fdp%2FB0B87T4B4F%2Fref%3Dsr_1_26_sspa%3Fdib%3DeyJ2IjoiMSJ9.vpGZZ_JLt-Agob8mPhUiXHcy0ap-_40UD95nyd0SLHb8DPhAN9lkGde9aJMRzs-yS_XObBikMnbhE4B-p01tbqgd75Q8J0BE66b3f0huapTqh74QQzNUySo402lw0ZXO8_NRCgl0OAMgwXg2pWDL5GDgkO1escSg7h0u0MCW1dMq2vkm4RcoP5gmwID-L4qM-byaewpQhGzQ-L_L1UEwWxJyLTAEsxFJpwf0z8V43cHdfSncHuagJLCR4CGmlIBg3UhhgJFPHeXX9Jb86Nckp0lNIdzcRoR2UVl6VGhKHJQ.Kj1g2FH15LpyWj3K97TXeOfxJS6JTGdjHRwUS0UsRsw%26dib_tag%3Dse%26keywords%3Dfree%2Bshipping%26qid%3D1722199483%26sr%3D8-26-spons%26sp_csd%3Dd2lkZ2V0TmFtZT1zcF9tdGY%26psc%3D1,7,98
B0CPFPS5RC,33,/sspa/click?ie=UTF8&spc=MTo0NDM5MzUyNjc0MTgxNDI2OjE3MjIxOTk0ODQ6c3BfbXRmOjMwMDEyNTIxOTg4NDUwMjo6MDo6&url=%2FSWYPE-Slim-Wallet-Money-Clip%2Fdp%2FB0CPFPS5RC%2Fref%3Dsr_1_27_sspa%3Fdib%3DeyJ2IjoiMSJ9.vpGZZ_JLt-Agob8mPhUiXHcy0ap-_40UD95nyd0SLHb8DPhAN9lkGde9aJMRzs-yS_XObBikMnbhE4B-p01tbqgd75Q8J0BE66b3f0huapTqh74QQzNUySo402lw0ZXO8_NRCgl0OAMgwXg2pWDL5GDgkO1escSg7h0u0MCW1dMq2vkm4RcoP5gmwID-L4qM-byaewpQhGzQ-L_L1UEwWxJyLTAEsxFJpwf0z8V43cHdfSncHuagJLCR4CGmlIBg3UhhgJFPHeXX9Jb86Nckp0lNIdzcRoR2UVl6VGhKHJQ.Kj1g2FH15LpyWj3K97TXeOfxJS6JTGdjHRwUS0UsRsw%26dib_tag%3Dse%26keywords%3Dfree%2Bshipping%26qid%3D1722199483%26sr%3D8-27-spons%26sp_csd%3Dd2lkZ2V0TmFtZT1zcF9tdGY%26psc%3D1,34,95
B0BXNSYJVD,34,/sspa/click?ie=UTF8&spc=MTo0NDM5MzUyNjc0MTgxNDI2OjE3MjIxOTk0ODQ6c3BfbXRmOjMwMDAyOTgzMTEyMTYwMjo6MDo6&url=%2FLightning-Certified-Charger-Charging-Braided%2Fdp%2FB0BXNSYJVD%2Fref%3Dsr_1_28_sspa%3Fdib%3DeyJ2IjoiMSJ9.vpGZZ_JLt-Agob8mPhUiXHcy0ap-_40UD95nyd0SLHb8DPhAN9lkGde9aJMRzs-yS_XObBikMnbhE4B-p01tbqgd75Q8J0BE66b3f0huapTqh74QQzNUySo402lw0ZXO8_NRCgl0OAMgwXg2pWDL5GDgkO1escSg7h0u0MCW1dMq2vkm4RcoP5gmwID-L4qM-byaewpQhGzQ-L_L1UEwWxJyLTAEsxFJpwf0z8V43cHdfSncHuagJLCR4CGmlIBg3UhhgJFPHeXX9Jb86Nckp0lNIdzcRoR2UVl6VGhKHJQ.Kj1g2FH15LpyWj3K97TXeOfxJS6JTGdjHRwUS0UsRsw%26dib_tag%3Dse%26keywords%3Dfree%2Bshipping%26qid%3D1722199483%26sr%3D8-28-spons%26sp_csd%3Dd2lkZ2V0TmFtZT1zcF9tdGY%26psc%3D1,9,98
B0C28CKLS3,35,/Essentials-Outlets-Extension-Charging-Protector/dp/B0C28CKLS3/ref=sr_1_29?dib=eyJ2IjoiMSJ9.vpGZZ_JLt-Agob8mPhUiXHcy0ap-_40UD95nyd0SLHb8DPhAN9lkGde9aJMRzs-yS_XObBikMnbhE4B-p01tbqgd75Q8J0BE66b3f0huapTqh74QQzNUySo402lw0ZXO8_NRCgl0OAMgwXg2pWDL5GDgkO1escSg7h0u0MCW1dMq2vkm4RcoP5gmwID-L4qM-byaewpQhGzQ-L_L1UEwWxJyLTAEsxFJpwf0z8V43cHdfSncHuagJLCR4CGmlIBg3UhhgJFPHeXX9Jb86Nckp0lNIdzcRoR2UVl6VGhKHJQ.Kj1g2FH15LpyWj3K97TXeOfxJS6JTGdjHRwUS0UsRsw&dib_tag=se&keywords=free+shipping&qid=1722199483&sr=8-29,8,99
B07JDFPQTC,36,/Gildan-T-Shirt-Multipack-Black-Large/dp/B07JDFPQTC/ref=sr_1_30?dib=eyJ2IjoiMSJ9.vpGZZ_JLt-Agob8mPhUiXHcy0ap-_40UD95nyd0SLHb8DPhAN9lkGde9aJMRzs-yS_XObBikMnbhE4B-p01tbqgd75Q8J0BE66b3f0huapTqh74QQzNUySo402lw0ZXO8_NRCgl0OAMgwXg2pWDL5GDgkO1escSg7h0u0MCW1dMq2vkm4RcoP5gmwID-L4qM-byaewpQhGzQ-L_L1UEwWxJyLTAEsxFJpwf0z8V43cHdfSncHuagJLCR4CGmlIBg3UhhgJFPHeXX9Jb86Nckp0lNIdzcRoR2UVl6VGhKHJQ.Kj1g2FH15LpyWj3K97TXeOfxJS6JTGdjHRwUS0UsRsw&dib_tag=se&keywords=free+shipping&qid=1722199483&sr=8-30,21,97
B0C1BJ6LVQ,37,/CAMPSNAIL-Biker-Shorts-Women-Pockets/dp/B0C1BJ6LVQ/ref=sr_1_31?dib=eyJ2IjoiMSJ9.vpGZZ_JLt-Agob8mPhUiXHcy0ap-_40UD95nyd0SLHb8DPhAN9lkGde9aJMRzs-yS_XObBikMnbhE4B-p01tbqgd75Q8J0BE66b3f0huapTqh74QQzNUySo402lw0ZXO8_NRCgl0OAMgwXg2pWDL5GDgkO1escSg7h0u0MCW1dMq2vkm4RcoP5gmwID-L4qM-byaewpQhGzQ-L_L1UEwWxJyLTAEsxFJpwf0z8V43cHdfSncHuagJLCR4CGmlIBg3UhhgJFPHeXX9Jb86Nckp0lNIdzcRoR2UVl6VGhKHJQ.Kj1g2FH15LpyWj3K97TXeOfxJS6JTGdjHRwUS0UsRsw&dib_tag=se&keywords=free+shipping&qid=1722199483&sr=8-31,9,99
B082YPRCMM,38,/wet-wild-Retractable-Waterproof-Resistant/dp/B082YPRCMM/ref=sr_1_32?dib=eyJ2IjoiMSJ9.vpGZZ_JLt-Agob8mPhUiXHcy0ap-_40UD95nyd0SLHb8DPhAN9lkGde9aJMRzs-yS_XObBikMnbhE4B-p01tbqgd75Q8J0BE66b3f0huapTqh74QQzNUySo402lw0ZXO8_NRCgl0OAMgwXg2pWDL5GDgkO1escSg7h0u0MCW1dMq2vkm4RcoP5gmwID-L4qM-byaewpQhGzQ-L_L1UEwWxJyLTAEsxFJpwf0z8V43cHdfSncHuagJLCR4CGmlIBg3UhhgJFPHeXX9Jb86Nckp0lNIdzcRoR2UVl6VGhKHJQ.Kj1g2FH15LpyWj3K97TXeOfxJS6JTGdjHRwUS0UsRsw&dib_tag=se&keywords=free+shipping&qid=1722199483&sr=8-32,2,28
B08R8BLGTB,39,/sspa/click?ie=UTF8&spc=MTo0NDM5MzUyNjc0MTgxNDI2OjE3MjIxOTk0ODQ6c3BfbXRmOjIwMDA2Njk2ODg0NDQ4MTo6MDo6&url=%2FJOYN%25C3%2589E-Athletic-Cushion-Breathable-Multicolor%2Fdp%2FB08R8BLGTB%2Fref%3Dsr_1_33_sspa%3Fdib%3DeyJ2IjoiMSJ9.vpGZZ_JLt-Agob8mPhUiXHcy0ap-_40UD95nyd0SLHb8DPhAN9lkGde9aJMRzs-yS_XObBikMnbhE4B-p01tbqgd75Q8J0BE66b3f0huapTqh74QQzNUySo402lw0ZXO8_NRCgl0OAMgwXg2pWDL5GDgkO1escSg7h0u0MCW1dMq2vkm4RcoP5gmwID-L4qM-byaewpQhGzQ-L_L1UEwWxJyLTAEsxFJpwf0z8V43cHdfSncHuagJLCR4CGmlIBg3UhhgJFPHeXX9Jb86Nckp0lNIdzcRoR2UVl6VGhKHJQ.Kj1g2FH15LpyWj3K97TXeOfxJS6JTGdjHRwUS0UsRsw%26dib_tag%3Dse%26keywords%3Dfree%2Bshipping%26qid%3D1722199483%26sr%3D8-33-spons%26sp_csd%3Dd2lkZ2V0TmFtZT1zcF9tdGY%26psc%3D1,16,98
B0CQMY2LSS,40,/sspa/click?ie=UTF8&spc=MTo0NDM5MzUyNjc0MTgxNDI2OjE3MjIxOTk0ODQ6c3BfbXRmOjMwMDE2NjExNzQxODkwMjo6MDo6&url=%2Fwet-wild-Moisturizing-Silky-Smooth-Cruelty-Free%2Fdp%2FB0CQMY2LSS%2Fref%3Dsr_1_34_sspa%3Fdib%3DeyJ2IjoiMSJ9.vpGZZ_JLt-Agob8mPhUiXHcy0ap-_40UD95nyd0SLHb8DPhAN9lkGde9aJMRzs-yS_XObBikMnbhE4B-p01tbqgd75Q8J0BE66b3f0huapTqh74QQzNUySo402lw0ZXO8_NRCgl0OAMgwXg2pWDL5GDgkO1escSg7h0u0MCW1dMq2vkm4RcoP5gmwID-L4qM-byaewpQhGzQ-L_L1UEwWxJyLTAEsxFJpwf0z8V43cHdfSncHuagJLCR4CGmlIBg3UhhgJFPHeXX9Jb86Nckp0lNIdzcRoR2UVl6VGhKHJQ.Kj1g2FH15LpyWj3K97TXeOfxJS6JTGdjHRwUS0UsRsw%26dib_tag%3Dse%26keywords%3Dfree%2Bshipping%26qid%3D1722199483%26sr%3D8-34-spons%26sp_csd%3Dd2lkZ2V0TmFtZT1zcF9tdGY%26psc%3D1,2,29
B0D1C7X1KS,41,/sspa/click?ie=UTF8&spc=MTo0NDM5MzUyNjc0MTgxNDI2OjE3MjIxOTk0ODQ6c3BfbXRmOjMwMDIwNDg2NDA4NjIwMjo6MDo6&url=%2Fevpct-Microblading-Contouring-Dual-Ended-Micro-Fork-Tips%2Fdp%2FB0D1C7X1KS%2Fref%3Dsr_1_35_sspa%3Fdib%3DeyJ2IjoiMSJ9.vpGZZ_JLt-Agob8mPhUiXHcy0ap-_40UD95nyd0SLHb8DPhAN9lkGde9aJMRzs-yS_XObBikMnbhE4B-p01tbqgd75Q8J0BE66b3f0huapTqh74QQzNUySo402lw0ZXO8_NRCgl0OAMgwXg2pWDL5GDgkO1escSg7h0u0MCW1dMq2vkm4RcoP5gmwID-L4qM-byaewpQhGzQ-L_L1UEwWxJyLTAEsxFJpwf0z8V43cHdfSncHuagJLCR4CGmlIBg3UhhgJFPHeXX9Jb86Nckp0lNIdzcRoR2UVl6VGhKHJQ.Kj1g2FH15LpyWj3K97TXeOfxJS6JTGdjHRwUS0UsRsw%26dib_tag%3Dse%26keywords%3Dfree%2Bshipping%26qid%3D1722199483%26sr%3D8-35-spons%26sp_csd%3Dd2lkZ2V0TmFtZT1zcF9tdGY%26psc%3D1,7,99
B0B639TGZ1,42,/Piico-Xylitol-Floss-Picks-Count/dp/B0B639TGZ1/ref=sr_1_36?dib=eyJ2IjoiMSJ9.vpGZZ_JLt-Agob8mPhUiXHcy0ap-_40UD95nyd0SLHb8DPhAN9lkGde9aJMRzs-yS_XObBikMnbhE4B-p01tbqgd75Q8J0BE66b3f0huapTqh74QQzNUySo402lw0ZXO8_NRCgl0OAMgwXg2pWDL5GDgkO1escSg7h0u0MCW1dMq2vkm4RcoP5gmwID-L4qM-byaewpQhGzQ-L_L1UEwWxJyLTAEsxFJpwf0z8V43cHdfSncHuagJLCR4CGmlIBg3UhhgJFPHeXX9Jb86Nckp0lNIdzcRoR2UVl6VGhKHJQ.Kj1g2FH15LpyWj3K97TXeOfxJS6JTGdjHRwUS0UsRsw&dib_tag=se&keywords=free+shipping&qid=1722199483&sr=8-36,3,99
B079DCW7GB,43,/Slim-Minimalist-Leather-Wallets-Women/dp/B079DCW7GB/ref=sr_1_37?dib=eyJ2IjoiMSJ9.vpGZZ_JLt-Agob8mPhUiXHcy0ap-_40UD95nyd0SLHb8DPhAN9lkGde9aJMRzs-yS_XObBikMnbhE4B-p01tbqgd75Q8J0BE66b3f0huapTqh74QQzNUySo402lw0ZXO8_NRCgl0OAMgwXg2pWDL5GDgkO1escSg7h0u0MCW1dMq2vkm4RcoP5gmwID-L4qM-byaewpQhGzQ-L_L1UEwWxJyLTAEsxFJpwf0z8V43cHdfSncHuagJLCR4CGmlIBg3UhhgJFPHeXX9Jb86Nckp0lNIdzcRoR2UVl6VGhKHJQ.Kj1g2FH15LpyWj3K97TXeOfxJS6JTGdjHRwUS0UsRsw&dib_tag=se&keywords=free+shipping&qid=1722199483&sr=8-37,15,99
B0D2N1FJBF,44,/Dryer-Diffuser-000RPM-Speeds-Attachments/dp/B0D2N1FJBF/ref=sr_1_38?dib=eyJ2IjoiMSJ9.vpGZZ_JLt-Agob8mPhUiXHcy0ap-_40UD95nyd0SLHb8DPhAN9lkGde9aJMRzs-yS_XObBikMnbhE4B-p01tbqgd75Q8J0BE66b3f0huapTqh74QQzNUySo402lw0ZXO8_NRCgl0OAMgwXg2pWDL5GDgkO1escSg7h0u0MCW1dMq2vkm4RcoP5gmwID-L4qM-byaewpQhGzQ-L_L1UEwWxJyLTAEsxFJpwf0z8V43cHdfSncHuagJLCR4CGmlIBg3UhhgJFPHeXX9Jb86Nckp0lNIdzcRoR2UVl6VGhKHJQ.Kj1g2FH15LpyWj3K97TXeOfxJS6JTGdjHRwUS0UsRsw&dib_tag=se&keywords=free+shipping&qid=1722199483&sr=8-38,54,99
B09525CGNJ,45,/RAYONNER-Lighter-Electric-Candle-Rechargeable/dp/B09525CGNJ/ref=sr_1_39?dib=eyJ2IjoiMSJ9.vpGZZ_JLt-Agob8mPhUiXHcy0ap-_40UD95nyd0SLHb8DPhAN9lkGde9aJMRzs-yS_XObBikMnbhE4B-p01tbqgd75Q8J0BE66b3f0huapTqh74QQzNUySo402lw0ZXO8_NRCgl0OAMgwXg2pWDL5GDgkO1escSg7h0u0MCW1dMq2vkm4RcoP5gmwID-L4qM-byaewpQhGzQ-L_L1UEwWxJyLTAEsxFJpwf0z8V43cHdfSncHuagJLCR4CGmlIBg3UhhgJFPHeXX9Jb86Nckp0lNIdzcRoR2UVl6VGhKHJQ.Kj1g2FH15LpyWj3K97TXeOfxJS6JTGdjHRwUS0UsRsw&dib_tag=se&keywords=free+shipping&qid=1722199483&sr=8-39,,
B01FX5H93M,46,/Scrubbing-Bubbles-Cleaning-Limescale-Dispenser/dp/B01FX5H93M/ref=sr_1_40?dib=eyJ2IjoiMSJ9.vpGZZ_JLt-Agob8mPhUiXHcy0ap-_40UD95nyd0SLHb8DPhAN9lkGde9aJMRzs-yS_XObBikMnbhE4B-p01tbqgd75Q8J0BE66b3f0huapTqh74QQzNUySo402lw0ZXO8_NRCgl0OAMgwXg2pWDL5GDgkO1escSg7h0u0MCW1dMq2vkm4RcoP5gmwID-L4qM-byaewpQhGzQ-L_L1UEwWxJyLTAEsxFJpwf0z8V43cHdfSncHuagJLCR4CGmlIBg3UhhgJFPHeXX9Jb86Nckp0lNIdzcRoR2UVl6VGhKHJQ.Kj1g2FH15LpyWj3K97TXeOfxJS6JTGdjHRwUS0UsRsw&dib_tag=se&keywords=free+shipping&qid=1722199483&sr=8-40,4,99
B085P21LC3,47,/Lacquer-Moisturizing-Non-Sticky-Lasting-Provides/dp/B085P21LC3/ref=sr_1_41?dib=eyJ2IjoiMSJ9.vpGZZ_JLt-Agob8mPhUiXHcy0ap-_40UD95nyd0SLHb8DPhAN9lkGde9aJMRzs-yS_XObBikMnbhE4B-p01tbqgd75Q8J0BE66b3f0huapTqh74QQzNUySo402lw0ZXO8_NRCgl0OAMgwXg2pWDL5GDgkO1escSg7h0u0MCW1dMq2vkm4RcoP5gmwID-L4qM-byaewpQhGzQ-L_L1UEwWxJyLTAEsxFJpwf0z8V43cHdfSncHuagJLCR4CGmlIBg3UhhgJFPHeXX9Jb86Nckp0lNIdzcRoR2UVl6VGhKHJQ.Kj1g2FH15LpyWj3K97TXeOfxJS6JTGdjHRwUS0UsRsw&dib_tag=se&keywords=free+shipping&qid=1722199483&sr=8-41,3,00
B0B35YF56H,48,/Sterling-Silver-Oxidized-Adjustable-Jewelry/dp/B0B35YF56H/ref=sr_1_42?dib=eyJ2IjoiMSJ9.vpGZZ_JLt-Agob8mPhUiXHcy0ap-_40UD95nyd0SLHb8DPhAN9lkGde9aJMRzs-yS_XObBikMnbhE4B-p01tbqgd75Q8J0BE66b3f0huapTqh74QQzNUySo402lw0ZXO8_NRCgl0OAMgwXg2pWDL5GDgkO1escSg7h0u0MCW1dMq2vkm4RcoP5gmwID-L4qM-byaewpQhGzQ-L_L1UEwWxJyLTAEsxFJpwf0z8V43cHdfSncHuagJLCR4CGmlIBg3UhhgJFPHeXX9Jb86Nckp0lNIdzcRoR2UVl6VGhKHJQ.Kj1g2FH15LpyWj3K97TXeOfxJS6JTGdjHRwUS0UsRsw&dib_tag=se&keywords=free+shipping&qid=1722199483&sr=8-42,4,75
B09WNDTJJM,49,/Planters-Sweet-Spicy-Roasted-Peanuts/dp/B09WNDTJJM/ref=sr_1_43?dib=eyJ2IjoiMSJ9.vpGZZ_JLt-Agob8mPhUiXHcy0ap-_40UD95nyd0SLHb8DPhAN9lkGde9aJMRzs-yS_XObBikMnbhE4B-p01tbqgd75Q8J0BE66b3f0huapTqh74QQzNUySo402lw0ZXO8_NRCgl0OAMgwXg2pWDL5GDgkO1escSg7h0u0MCW1dMq2vkm4RcoP5gmwID-L4qM-byaewpQhGzQ-L_L1UEwWxJyLTAEsxFJpwf0z8V43cHdfSncHuagJLCR4CGmlIBg3UhhgJFPHeXX9Jb86Nckp0lNIdzcRoR2UVl6VGhKHJQ.Kj1g2FH15LpyWj3K97TXeOfxJS6JTGdjHRwUS0UsRsw&dib_tag=se&keywords=free+shipping&qid=1722199483&sr=8-43,2,98
B002UXRXEG,50,/Coppertop-Batteries-Ingredients-Long-lasting-Household/dp/B002UXRXEG/ref=sr_1_44?dib=eyJ2IjoiMSJ9.vpGZZ_JLt-Agob8mPhUiXHcy0ap-_40UD95nyd0SLHb8DPhAN9lkGde9aJMRzs-yS_XObBikMnbhE4B-p01tbqgd75Q8J0BE66b3f0huapTqh74QQzNUySo402lw0ZXO8_NRCgl0OAMgwXg2pWDL5GDgkO1escSg7h0u0MCW1dMq2vkm4RcoP5gmwID-L4qM-byaewpQhGzQ-L_L1UEwWxJyLTAEsxFJpwf0z8V43cHdfSncHuagJLCR4CGmlIBg3UhhgJFPHeXX9Jb86Nckp0lNIdzcRoR2UVl6VGhKHJQ.Kj1g2FH15LpyWj3K97TXeOfxJS6JTGdjHRwUS0UsRsw&dib_tag=se&keywords=free+shipping&qid=1722199483&sr=8-44,13,60
B0BRSVSXKC,51,/ROSARDEN-Refillable-Container-Fragrance-Traveling/dp/B0BRSVSXKC/ref=sr_1_45?dib=eyJ2IjoiMSJ9.vpGZZ_JLt-Agob8mPhUiXHcy0ap-_40UD95nyd0SLHb8DPhAN9lkGde9aJMRzs-yS_XObBikMnbhE4B-p01tbqgd75Q8J0BE66b3f0huapTqh74QQzNUySo402lw0ZXO8_NRCgl0OAMgwXg2pWDL5GDgkO1escSg7h0u0MCW1dMq2vkm4RcoP5gmwID-L4qM-byaewpQhGzQ-L_L1UEwWxJyLTAEsxFJpwf0z8V43cHdfSncHuagJLCR4CGmlIBg3UhhgJFPHeXX9Jb86Nckp0lNIdzcRoR2UVl6VGhKHJQ.Kj1g2FH15LpyWj3K97TXeOfxJS6JTGdjHRwUS0UsRsw&dib_tag=se&keywords=free+shipping&qid=1722199483&sr=8-45,3,99
B0C6GTHRL2,52,/BYkooc-Peeling-Vegetable-Kitchen-Ergonomic/dp/B0C6GTHRL2/ref=sr_1_46?dib=eyJ2IjoiMSJ9.vpGZZ_JLt-Agob8mPhUiXHcy0ap-_40UD95nyd0SLHb8DPhAN9lkGde9aJMRzs-yS_XObBikMnbhE4B-p01tbqgd75Q8J0BE66b3f0huapTqh74QQzNUySo402lw0ZXO8_NRCgl0OAMgwXg2pWDL5GDgkO1escSg7h0u0MCW1dMq2vkm4RcoP5gmwID-L4qM-byaewpQhGzQ-L_L1UEwWxJyLTAEsxFJpwf0z8V43cHdfSncHuagJLCR4CGmlIBg3UhhgJFPHeXX9Jb86Nckp0lNIdzcRoR2UVl6VGhKHJQ.Kj1g2FH15LpyWj3K97TXeOfxJS6JTGdjHRwUS0UsRsw&dib_tag=se&keywords=free+shipping&qid=1722199483&sr=8-46,4,99
B08H5CYVZ2,53,/Lucare-Womens-Sterling-Earrings-Jewelry/dp/B08H5CYVZ2/ref=sr_1_47?dib=eyJ2IjoiMSJ9.vpGZZ_JLt-Agob8mPhUiXHcy0ap-_40UD95nyd0SLHb8DPhAN9lkGde9aJMRzs-yS_XObBikMnbhE4B-p01tbqgd75Q8J0BE66b3f0huapTqh74QQzNUySo402lw0ZXO8_NRCgl0OAMgwXg2pWDL5GDgkO1escSg7h0u0MCW1dMq2vkm4RcoP5gmwID-L4qM-byaewpQhGzQ-L_L1UEwWxJyLTAEsxFJpwf0z8V43cHdfSncHuagJLCR4CGmlIBg3UhhgJFPHeXX9Jb86Nckp0lNIdzcRoR2UVl6VGhKHJQ.Kj1g2FH15LpyWj3K97TXeOfxJS6JTGdjHRwUS0UsRsw&dib_tag=se&keywords=free+shipping&qid=1722199483&sr=8-47,4,95
B0C3HJGDJF,54,/BALEINE-Clothes-Containers-Reinforced-Comforter/dp/B0C3HJGDJF/ref=sr_1_48?dib=eyJ2IjoiMSJ9.vpGZZ_JLt-Agob8mPhUiXHcy0ap-_40UD95nyd0SLHb8DPhAN9lkGde9aJMRzs-yS_XObBikMnbhE4B-p01tbqgd75Q8J0BE66b3f0huapTqh74QQzNUySo402lw0ZXO8_NRCgl0OAMgwXg2pWDL5GDgkO1escSg7h0u0MCW1dMq2vkm4RcoP5gmwID-L4qM-byaewpQhGzQ-L_L1UEwWxJyLTAEsxFJpwf0z8V43cHdfSncHuagJLCR4CGmlIBg3UhhgJFPHeXX9Jb86Nckp0lNIdzcRoR2UVl6VGhKHJQ.Kj1g2FH15LpyWj3K97TXeOfxJS6JTGdjHRwUS0UsRsw&dib_tag=se&keywords=free+shipping&qid=1722199483&sr=8-48,9,99
B0BRKKVT6N,55,/Neosmuk-Magnetic-Magnets-Refrigerator-Hanging/dp/B0BRKKVT6N/ref=sr_1_49?dib=eyJ2IjoiMSJ9.vpGZZ_JLt-Agob8mPhUiXHcy0ap-_40UD95nyd0SLHb8DPhAN9lkGde9aJMRzs-yS_XObBikMnbhE4B-p01tbqgd75Q8J0BE66b3f0huapTqh74QQzNUySo402lw0ZXO8_NRCgl0OAMgwXg2pWDL5GDgkO1escSg7h0u0MCW1dMq2vkm4RcoP5gmwID-L4qM-byaewpQhGzQ-L_L1UEwWxJyLTAEsxFJpwf0z8V43cHdfSncHuagJLCR4CGmlIBg3UhhgJFPHeXX9Jb86Nckp0lNIdzcRoR2UVl6VGhKHJQ.Kj1g2FH15LpyWj3K97TXeOfxJS6JTGdjHRwUS0UsRsw&dib_tag=se&keywords=free+shipping&qid=1722199483&sr=8-49,8,50
B08F3C99KN,56,/Apple-Gift-Card-accessories-Delivery/dp/B08F3C99KN/ref=sr_1_50?dib=eyJ2IjoiMSJ9.vpGZZ_JLt-Agob8mPhUiXHcy0ap-_40UD95nyd0SLHb8DPhAN9lkGde9aJMRzs-yS_XObBikMnbhE4B-p01tbqgd75Q8J0BE66b3f0huapTqh74QQzNUySo402lw0ZXO8_NRCgl0OAMgwXg2pWDL5GDgkO1escSg7h0u0MCW1dMq2vkm4RcoP5gmwID-L4qM-byaewpQhGzQ-L_L1UEwWxJyLTAEsxFJpwf0z8V43cHdfSncHuagJLCR4CGmlIBg3UhhgJFPHeXX9Jb86Nckp0lNIdzcRoR2UVl6VGhKHJQ.Kj1g2FH15LpyWj3K97TXeOfxJS6JTGdjHRwUS0UsRsw&dib_tag=se&keywords=free+shipping&qid=1722199483&sr=8-50,15,00
B09XY3GX8F,57,/Dishtowels-Multipurpose-Absorbent-Double-Sided-Microfiber/dp/B09XY3GX8F/ref=sr_1_51?dib=eyJ2IjoiMSJ9.vpGZZ_JLt-Agob8mPhUiXHcy0ap-_40UD95nyd0SLHb8DPhAN9lkGde9aJMRzs-yS_XObBikMnbhE4B-p01tbqgd75Q8J0BE66b3f0huapTqh74QQzNUySo402lw0ZXO8_NRCgl0OAMgwXg2pWDL5GDgkO1escSg7h0u0MCW1dMq2vkm4RcoP5gmwID-L4qM-byaewpQhGzQ-L_L1UEwWxJyLTAEsxFJpwf0z8V43cHdfSncHuagJLCR4CGmlIBg3UhhgJFPHeXX9Jb86Nckp0lNIdzcRoR2UVl6VGhKHJQ.Kj1g2FH15LpyWj3K97TXeOfxJS6JTGdjHRwUS0UsRsw&dib_tag=se&keywords=free+shipping&qid=1722199483&sr=8-51,4,97
B00A8S6HM4,58,/Gold-Bond-Ultimate-Intensive-Healing/dp/B00A8S6HM4/ref=sr_1_52?dib=eyJ2IjoiMSJ9.vpGZZ_JLt-Agob8mPhUiXHcy0ap-_40UD95nyd0SLHb8DPhAN9lkGde9aJMRzs-yS_XObBikMnbhE4B-p01tbqgd75Q8J0BE66b3f0huapTqh74QQzNUySo402lw0ZXO8_NRCgl0OAMgwXg2pWDL5GDgkO1escSg7h0u0MCW1dMq2vkm4RcoP5gmwID-L4qM-byaewpQhGzQ-L_L1UEwWxJyLTAEsxFJpwf0z8V43cHdfSncHuagJLCR4CGmlIBg3UhhgJFPHeXX9Jb86Nckp0lNIdzcRoR2UVl6VGhKHJQ.Kj1g2FH15LpyWj3K97TXeOfxJS6JTGdjHRwUS0UsRsw&dib_tag=se&keywords=free+shipping&qid=1722199483&sr=8-52,3,97
B07MWTH3BY,59,/l-f-Monochromatic-Multi-Stick-Glistening/dp/B07MWTH3BY/ref=sr_1_53?dib=eyJ2IjoiMSJ9.vpGZZ_JLt-Agob8mPhUiXHcy0ap-_40UD95nyd0SLHb8DPhAN9lkGde9aJMRzs-yS_XObBikMnbhE4B-p01tbqgd75Q8J0BE66b3f0huapTqh74QQzNUySo402lw0ZXO8_NRCgl0OAMgwXg2pWDL5GDgkO1escSg7h0u0MCW1dMq2vkm4RcoP5gmwID-L4qM-byaewpQhGzQ-L_L1UEwWxJyLTAEsxFJpwf0z8V43cHdfSncHuagJLCR4CGmlIBg3UhhgJFPHeXX9Jb86Nckp0lNIdzcRoR2UVl6VGhKHJQ.Kj1g2FH15LpyWj3K97TXeOfxJS6JTGdjHRwUS0UsRsw&dib_tag=se&keywords=free+shipping&qid=1722199483&sr=8-53,5,00
B09W94R4GR,60,/Enerbone-Leakproof-Motivational-Fitness-Pink-Blue/dp/B09W94R4GR/ref=sr_1_54?dib=eyJ2IjoiMSJ9.vpGZZ_JLt-Agob8mPhUiXHcy0ap-_40UD95nyd0SLHb8DPhAN9lkGde9aJMRzs-yS_XObBikMnbhE4B-p01tbqgd75Q8J0BE66b3f0huapTqh74QQzNUySo402lw0ZXO8_NRCgl0OAMgwXg2pWDL5GDgkO1escSg7h0u0MCW1dMq2vkm4RcoP5gmwID-L4qM-byaewpQhGzQ-L_L1UEwWxJyLTAEsxFJpwf0z8V43cHdfSncHuagJLCR4CGmlIBg3UhhgJFPHeXX9Jb86Nckp0lNIdzcRoR2UVl6VGhKHJQ.Kj1g2FH15LpyWj3K97TXeOfxJS6JTGdjHRwUS0UsRsw&dib_tag=se&keywords=free+shipping&qid=1722199483&sr=8-54,8,47
B07YQDH1N1,61,/Swiffer-Sweeper-Starter-Cleaning-Products/dp/B07YQDH1N1/ref=sr_1_55?dib=eyJ2IjoiMSJ9.vpGZZ_JLt-Agob8mPhUiXHcy0ap-_40UD95nyd0SLHb8DPhAN9lkGde9aJMRzs-yS_XObBikMnbhE4B-p01tbqgd75Q8J0BE66b3f0huapTqh74QQzNUySo402lw0ZXO8_NRCgl0OAMgwXg2pWDL5GDgkO1escSg7h0u0MCW1dMq2vkm4RcoP5gmwID-L4qM-byaewpQhGzQ-L_L1UEwWxJyLTAEsxFJpwf0z8V43cHdfSncHuagJLCR4CGmlIBg3UhhgJFPHeXX9Jb86Nckp0lNIdzcRoR2UVl6VGhKHJQ.Kj1g2FH15LpyWj3K97TXeOfxJS6JTGdjHRwUS0UsRsw&dib_tag=se&keywords=free+shipping&qid=1722199483&sr=8-55,18,44
B0B1Q5KSQM,62,/iFwevs-Seamless-Ponytail-Holders-Elastics/dp/B0B1Q5KSQM/ref=sr_1_56?dib=eyJ2IjoiMSJ9.vpGZZ_JLt-Agob8mPhUiXHcy0ap-_40UD95nyd0SLHb8DPhAN9lkGde9aJMRzs-yS_XObBikMnbhE4B-p01tbqgd75Q8J0BE66b3f0huapTqh74QQzNUySo402lw0ZXO8_NRCgl0OAMgwXg2pWDL5GDgkO1escSg7h0u0MCW1dMq2vkm4RcoP5gmwID-L4qM-byaewpQhGzQ-L_L1UEwWxJyLTAEsxFJpwf0z8V43cHdfSncHuagJLCR4CGmlIBg3UhhgJFPHeXX9Jb86Nckp0lNIdzcRoR2UVl6VGhKHJQ.Kj1g2FH15LpyWj3K97TXeOfxJS6JTGdjHRwUS0UsRsw&dib_tag=se&keywords=free+shipping&qid=1722199483&sr=8-56,5,99
B0BFF9N6QQ,63,/Gvber-Portable-Electric-Massager-Attachments/dp/B0BFF9N6QQ/ref=sr_1_57?dib=eyJ2IjoiMSJ9.vpGZZ_JLt-Agob8mPhUiXHcy0ap-_40UD95nyd0SLHb8DPhAN9lkGde9aJMRzs-yS_XObBikMnbhE4B-p01tbqgd75Q8J0BE66b3f0huapTqh74QQzNUySo402lw0ZXO8_NRCgl0OAMgwXg2pWDL5GDgkO1escSg7h0u0MCW1dMq2vkm4RcoP5gmwID-L4qM-byaewpQhGzQ-L_L1UEwWxJyLTAEsxFJpwf0z8V43cHdfSncHuagJLCR4CGmlIBg3UhhgJFPHeXX9Jb86Nckp0lNIdzcRoR2UVl6VGhKHJQ.Kj1g2FH15LpyWj3K97TXeOfxJS6JTGdjHRwUS0UsRsw&dib_tag=se&keywords=free+shipping&qid=1722199483&sr=8-57,18,99
B0CZSJPZV7,64,/Olay-Cleansing-Cleanser-Water-Activated-Refreshes/dp/B0CZSJPZV7/ref=sr_1_58?dib=eyJ2IjoiMSJ9.vpGZZ_JLt-Agob8mPhUiXHcy0ap-_40UD95nyd0SLHb8DPhAN9lkGde9aJMRzs-yS_XObBikMnbhE4B-p01tbqgd75Q8J0BE66b3f0huapTqh74QQzNUySo402lw0ZXO8_NRCgl0OAMgwXg2pWDL5GDgkO1escSg7h0u0MCW1dMq2vkm4RcoP5gmwID-L4qM-byaewpQhGzQ-L_L1UEwWxJyLTAEsxFJpwf0z8V43cHdfSncHuagJLCR4CGmlIBg3UhhgJFPHeXX9Jb86Nckp0lNIdzcRoR2UVl6VGhKHJQ.Kj1g2FH15LpyWj3K97TXeOfxJS6JTGdjHRwUS0UsRsw&dib_tag=se&keywords=free+shipping&qid=1722199483&sr=8-58,19,88
B003N2DXPG,65,/Plackers-Twin-Line-Dental-Floss-Picks/dp/B003N2DXPG/ref=sr_1_59?dib=eyJ2IjoiMSJ9.vpGZZ_JLt-Agob8mPhUiXHcy0ap-_40UD95nyd0SLHb8DPhAN9lkGde9aJMRzs-yS_XObBikMnbhE4B-p01tbqgd75Q8J0BE66b3f0huapTqh74QQzNUySo402lw0ZXO8_NRCgl0OAMgwXg2pWDL5GDgkO1escSg7h0u0MCW1dMq2vkm4RcoP5gmwID-L4qM-byaewpQhGzQ-L_L1UEwWxJyLTAEsxFJpwf0z8V43cHdfSncHuagJLCR4CGmlIBg3UhhgJFPHeXX9Jb86Nckp0lNIdzcRoR2UVl6VGhKHJQ.Kj1g2FH15LpyWj3K97TXeOfxJS6JTGdjHRwUS0UsRsw&dib_tag=se&keywords=free+shipping&qid=1722199483&sr=8-59,3,29
B0CRCC9863,66,/Samsung-Internal-Computer-MZ-V9E1T0B-AM/dp/B0CRCC9863/ref=sr_1_60?dib=eyJ2IjoiMSJ9.vpGZZ_JLt-Agob8mPhUiXHcy0ap-_40UD95nyd0SLHb8DPhAN9lkGde9aJMRzs-yS_XObBikMnbhE4B-p01tbqgd75Q8J0BE66b3f0huapTqh74QQzNUySo402lw0ZXO8_NRCgl0OAMgwXg2pWDL5GDgkO1escSg7h0u0MCW1dMq2vkm4RcoP5gmwID-L4qM-byaewpQhGzQ-L_L1UEwWxJyLTAEsxFJpwf0z8V43cHdfSncHuagJLCR4CGmlIBg3UhhgJFPHeXX9Jb86Nckp0lNIdzcRoR2UVl6VGhKHJQ.Kj1g2FH15LpyWj3K97TXeOfxJS6JTGdjHRwUS0UsRsw&dib_tag=se&keywords=free+shipping&qid=1722199483&sr=8-60,84,99
